trigger_index,trigger_time_sec
3000,30.0
5987,59.870000000000005
9999,99.99000000000001
