trigger_index,trigger_time_sec
3000,30.0
4791,47.910000000000004
6005,60.050000000000004
