trigger_index,trigger_time_sec
3000,30.0
4239,42.39
6005,60.050000000000004
9999,99.99000000000001
