trigger_index,trigger_time_sec
3000,30.0
5305,53.050000000000004
6005,60.050000000000004
