trigger_index,trigger_time_sec
3000,30.0
5490,54.9
5823,58.230000000000004
6009,60.09
9999,99.99000000000001
