trigger_index,trigger_time_sec
3000,30.0
3654,36.54
6212,62.120000000000005
6918,69.18
8860,88.60000000000001
