trigger_index,trigger_time_sec
3000,30.0
3713,37.13
5187,51.870000000000005
6013,60.13
7056,70.56
9999,99.99000000000001
