trigger_index,trigger_time_sec
3000,30.0
6030,60.300000000000004
7696,76.96000000000001
