trigger_index,trigger_time_sec
3000,30.0
3973,39.730000000000004
6430,64.3
8595,85.95
9999,99.99000000000001
