trigger_index,trigger_time_sec
3000,30.0
6166,61.660000000000004
6305,63.050000000000004
8941,89.41
