trigger_index,trigger_time_sec
3000,30.0
6080,60.800000000000004
9999,99.99000000000001
