trigger_index,trigger_time_sec
3000,30.0
4183,41.83
6023,60.230000000000004
7107,71.07000000000001
