trigger_index,trigger_time_sec
3000,30.0
5835,58.35
6041,60.410000000000004
9999,99.99000000000001
