trigger_index,trigger_time_sec
3000,30.0
3422,34.22
3885,38.85
4166,41.660000000000004
4841,48.410000000000004
6003,60.03
