trigger_index,trigger_time_sec
3000,30.0
3622,36.22
5708,57.08
6030,60.300000000000004
6542,65.42
9999,99.99000000000001
