trigger_index,trigger_time_sec
3000,30.0
5316,53.160000000000004
6051,60.51
9999,99.99000000000001
