trigger_index,trigger_time_sec
3000,30.0
5123,51.230000000000004
5977,59.77
9999,99.99000000000001
