trigger_index,trigger_time_sec
3000,30.0
5852,58.52
7071,70.71000000000001
9999,99.99000000000001
