trigger_index,trigger_time_sec
3000,30.0
3519,35.19
5666,56.660000000000004
6037,60.370000000000005
6546,65.46000000000001
9999,99.99000000000001
