trigger_index,trigger_time_sec
3000,30.0
3628,36.28
5905,59.050000000000004
9999,99.99000000000001
