trigger_index,trigger_time_sec
3000,30.0
3480,34.800000000000004
6017,60.17
9999,99.99000000000001
