trigger_index,trigger_time_sec
3000,30.0
6005,60.050000000000004
8303,83.03
9999,99.99000000000001
