trigger_index,trigger_time_sec
3000,30.0
5648,56.480000000000004
6719,67.19
7760,77.60000000000001
