trigger_index,trigger_time_sec
3000,30.0
4598,45.980000000000004
5167,51.67
6269,62.690000000000005
