trigger_index,trigger_time_sec
3000,30.0
3674,36.74
4025,40.25
4698,46.980000000000004
6009,60.09
6629,66.29
9999,99.99000000000001
