trigger_index,trigger_time_sec
3000,30.0
6005,60.050000000000004
7632,76.32000000000001
8042,80.42
