trigger_index,trigger_time_sec
3000,30.0
5998,59.980000000000004
9999,99.99000000000001
