trigger_index,trigger_time_sec
3000,30.0
3324,33.24
5562,55.620000000000005
6032,60.32
6394,63.940000000000005
