trigger_index,trigger_time_sec
3000,30.0
4166,41.660000000000004
4472,44.72
5441,54.410000000000004
6009,60.09
8464,84.64
