trigger_index,trigger_time_sec
3000,30.0
6041,60.410000000000004
6957,69.57000000000001
7656,76.56
