trigger_index,trigger_time_sec
3000,30.0
3503,35.03
4830,48.300000000000004
6014,60.14
8022,80.22
9999,99.99000000000001
