trigger_index,trigger_time_sec
3000,30.0
6037,60.370000000000005
6956,69.56
9999,99.99000000000001
