trigger_index,trigger_time_sec
3000,30.0
3680,36.800000000000004
6387,63.870000000000005
8875,88.75
