trigger_index,trigger_time_sec
3000,30.0
6005,60.050000000000004
6375,63.75
9999,99.99000000000001
