trigger_index,trigger_time_sec
3000,30.0
4105,41.050000000000004
6005,60.050000000000004
