trigger_index,trigger_time_sec
3000,30.0
5841,58.410000000000004
6002,60.02
9999,99.99000000000001
