trigger_index,trigger_time_sec
3000,30.0
4785,47.85
5930,59.300000000000004
6432,64.32000000000001
7827,78.27
